model,best_validation_epoch,val_accuracy,val_macro_f1,val_weighted_f1,val_balanced_accuracy,cluster_0_precision,cluster_0_recall,cluster_0_f1,cluster_0_support,cluster_1_precision,cluster_1_recall,cluster_1_f1,cluster_1_support,cluster_2_precision,cluster_2_recall,cluster_2_f1,cluster_2_support
resnet18,28,0.8304347826086956,0.8113834979003519,0.8325263874702078,0.8359465737514516,0.905511811023622,0.8214285714285714,0.8614232209737828,140.0,0.75,0.8571428571428571,0.8,49.0,0.723404255319149,0.8292682926829268,0.7727272727272727,41.0
resnet50,3,0.7869565217391304,0.7658275252119809,0.7892934046506617,0.7842790774846525,0.8604651162790697,0.7928571428571428,0.8252788104089219,140.0,0.6607142857142857,0.7551020408163265,0.7047619047619048,49.0,0.7333333333333333,0.8048780487804879,0.7674418604651163,41.0
efficientnet_b0,12,0.7869565217391304,0.7644063608990068,0.7886136968592469,0.7869337979094077,0.8604651162790697,0.7928571428571428,0.8252788104089219,140.0,0.7,0.7142857142857143,0.7070707070707071,49.0,0.6862745098039216,0.8536585365853658,0.7608695652173914,41.0
cnn_bn_dropout,18,0.7739130434782608,0.7559853979993362,0.7789173824409087,0.7700597312095571,0.8582677165354331,0.7785714285714286,0.8164794007490637,140.0,0.5846153846153846,0.7755102040816326,0.6666666666666666,49.0,0.8157894736842105,0.7560975609756098,0.7848101265822784,41.0
simple_cnn,23,0.7434782608695653,0.7144799644799645,0.7476711694102999,0.7401277584204413,0.8467741935483871,0.75,0.7954545454545454,140.0,0.625,0.7142857142857143,0.6666666666666666,49.0,0.62,0.7560975609756098,0.6813186813186813,41.0
